taxon,OpenGWAS_id,alpha_IVW,SE,P,n_SNP,significant_naive_Bonferroni_P<2.37e-4,significant_Meff_LiJi_P<1.55e-3
genus Sellimonas id.14369,ebi-a-GCST90017067,0.310564527689415,0.132666441429799,0.0192351228218005,24,FALSE,FALSE
genus Parasutterella id.2892,ebi-a-GCST90017041,-0.154141630231722,0.0677239927188952,0.0228443987345443,27,FALSE,FALSE
genus Peptococcus id.2037,ebi-a-GCST90017042,0.219747718709659,0.0966022413021042,0.0229198312663177,26,FALSE,FALSE
unknown genus id.959,ebi-a-GCST90017087,0.235529181708154,0.114556855373949,0.0397822746678131,24,FALSE,FALSE
family Family XIII id.1957,ebi-a-GCST90016939,-0.100246050819775,0.0556151779247508,0.0714676435136421,28,FALSE,FALSE
family Oxalobacteraceae id.2966,ebi-a-GCST90016943,0.183973120622937,0.102264400286809,0.0720195090274196,25,FALSE,FALSE
genus Allisonella id.2174,ebi-a-GCST90016963,0.264010225449154,0.151756742187742,0.0819128426376748,22,FALSE,FALSE
genus Ruminococcus gnavus group id.14376,ebi-a-GCST90017065,0.1539680426761,0.0909326763380609,0.0904156571339828,26,FALSE,FALSE
genus Desulfovibrio id.3173,ebi-a-GCST90016987,-0.123940412529972,0.0750697152253056,0.0987377243623714,27,FALSE,FALSE
genus Eubacterium fissicatena group id.14373,ebi-a-GCST90016999,0.218665545865646,0.133982699418009,0.102670397946718,24,FALSE,FALSE
genus Terrisporobacter id.11348,ebi-a-GCST90017073,-0.167037438949746,0.103603176831922,0.106900794585255,26,FALSE,FALSE
genus Faecalibacterium id.2057,ebi-a-GCST90017007,-0.0920018632532715,0.0579240935937298,0.112214516491007,28,FALSE,FALSE
family Pasteurellaceae id.3689,ebi-a-GCST90016944,-0.126224628805043,0.0805152274538855,0.116948532300235,27,FALSE,FALSE
order Pasteurellales id.3688,ebi-a-GCST90017105,-0.126224628805043,0.0805152274538855,0.116948532300235,27,FALSE,FALSE
family Desulfovibrionaceae id.3169,ebi-a-GCST90016935,-0.0969375827886615,0.0621332230272165,0.118722784531559,28,FALSE,FALSE
unknown genus id.1868,ebi-a-GCST90017081,-0.109750677729118,0.0710535443572232,0.122438368991416,27,FALSE,FALSE
order Bacillales id.1674,ebi-a-GCST90017091,0.22432931844442,0.1460316560931,0.124496911158411,22,FALSE,FALSE
genus Subdoligranulum id.2070,ebi-a-GCST90017071,-0.0903080122693614,0.0588500010985077,0.124895475589827,28,FALSE,FALSE
order Desulfovibrionales id.3156,ebi-a-GCST90017097,-0.0944522795977609,0.0625684820317761,0.131150013720366,28,FALSE,FALSE
genus Ruminococcus2 id.11374,ebi-a-GCST90017063,0.0960660401631494,0.0651945440782919,0.14060849631374,28,FALSE,FALSE
genus Holdemania id.2157,ebi-a-GCST90017015,0.11026254299431,0.0753395018674808,0.143319065471079,27,FALSE,FALSE
unknown genus id.2755,ebi-a-GCST90017085,-0.113089760350318,0.0786046118167861,0.150230832358125,27,FALSE,FALSE
genus Eubacterium oxidoreducens group id.11339,ebi-a-GCST90017002,0.143737979215051,0.100223888008774,0.15152408112416,25,FALSE,FALSE
family Clostridiales vadin BB60 group id.11286,ebi-a-GCST90016932,-0.107212404194852,0.0756673118246348,0.156514523568991,27,FALSE,FALSE
unknown genus id.1000000073,ebi-a-GCST90017076,-0.107212404194852,0.0756673118246348,0.156514523568991,27,FALSE,FALSE
genus Sutterella id.2896,ebi-a-GCST90017072,0.0868958295096116,0.0625067370878169,0.164473186981195,28,FALSE,FALSE
family Rhodospirillaceae id.2717,ebi-a-GCST90016949,-0.108406887068546,0.0784034725153906,0.166763109945605,27,FALSE,FALSE
order Rhodospirillales id.2667,ebi-a-GCST90017106,-0.107506232398123,0.0779509674762522,0.167847895106481,27,FALSE,FALSE
class Deltaproteobacteria id.3087,ebi-a-GCST90016915,-0.0877987332471783,0.0644738909001606,0.173269880592435,28,FALSE,FALSE
genus Oscillibacter id.2063,ebi-a-GCST90017036,0.103022147385152,0.0765050526378735,0.178107226134014,27,FALSE,FALSE
genus Oxalobacter id.2978,ebi-a-GCST90017038,0.14367346572195,0.10774725863363,0.182390615255869,25,FALSE,FALSE
genus Ruminiclostridium5 id.11355,ebi-a-GCST90017049,0.0866487653266922,0.0651519905587062,0.183535375555408,28,FALSE,FALSE
genus Ruminococcus1 id.11373,ebi-a-GCST90017062,-0.0740024928785863,0.0558249158145538,0.184966381872858,28,FALSE,FALSE
family Victivallaceae id.2255,ebi-a-GCST90016958,0.194576079497504,0.148963330683628,0.191484148959122,24,FALSE,FALSE
genus Ruminococcaceae UCG010 id.11367,ebi-a-GCST90017058,-0.102184888044874,0.0804315582488755,0.203921660996861,28,FALSE,FALSE
family Peptococcaceae id.2024,ebi-a-GCST90016945,0.09537658475639,0.075648434718587,0.207385495433575,28,FALSE,FALSE
genus Lachnospiraceae NC2004 group id.11316,ebi-a-GCST90017022,0.129923134442849,0.105587927254605,0.218519886946184,25,FALSE,FALSE
genus Ruminococcaceae UCG014 id.11371,ebi-a-GCST90017061,0.0734431699164777,0.0598833454145107,0.220034147580985,28,FALSE,FALSE
genus Eubacterium hallii group id.11338,ebi-a-GCST90017000,0.0872786786158684,0.071223870178549,0.220419533968624,28,FALSE,FALSE
unknown family id.1000006161,ebi-a-GCST90016955,-0.122555639455068,0.103074565218313,0.234439737899912,25,FALSE,FALSE
unknown genus id.1000006162,ebi-a-GCST90017080,-0.122555639455068,0.103074565218313,0.234439737899912,25,FALSE,FALSE
order NB1n id.3953,ebi-a-GCST90017104,-0.122555639455068,0.103074565218313,0.234439737899912,25,FALSE,FALSE
genus Alistipes id.968,ebi-a-GCST90016962,0.068318983531621,0.0578917075044427,0.237953716117925,28,FALSE,FALSE
genus Ruminococcaceae NK4A214 group id.11358,ebi-a-GCST90017052,-0.0689670059461326,0.0585877957748428,0.239133038342679,28,FALSE,FALSE
genus Ruminococcaceae UCG009 id.11366,ebi-a-GCST90017057,-0.0958611506318198,0.0830197977530923,0.248222229981512,27,FALSE,FALSE
unknown genus id.2041,ebi-a-GCST90017083,0.0923448951629345,0.0809636870340619,0.254048173876248,27,FALSE,FALSE
genus Alloprevotella id.961,ebi-a-GCST90016964,0.195834445693658,0.172546073852829,0.256388305412461,14,FALSE,FALSE
genus Lachnoclostridium id.11308,ebi-a-GCST90017020,0.0708916416909694,0.0626875533484968,0.258108682077756,28,FALSE,FALSE
unknown family id.1000001214,ebi-a-GCST90016953,-0.108898989808194,0.0963026157638194,0.258139315353728,25,FALSE,FALSE
unknown genus id.1000001215,ebi-a-GCST90017077,-0.108898989808194,0.0963026157638194,0.258139315353728,25,FALSE,FALSE
order Gastranaerophilales id.1591,ebi-a-GCST90017100,-0.108898989808194,0.0963026157638194,0.258139315353728,25,FALSE,FALSE
genus Lachnospiraceae UCG008 id.11328,ebi-a-GCST90017027,-0.101247375346538,0.0900550712338696,0.260893036460962,26,FALSE,FALSE
genus Turicibacter id.2162,ebi-a-GCST90017074,-0.0855133590506964,0.0761190872923283,0.261261089170289,27,FALSE,FALSE
class Erysipelotrichia id.2147,ebi-a-GCST90016916,-0.0590287853817907,0.053285136629681,0.267952164128486,28,FALSE,FALSE
family Erysipelotrichaceae id.2149,ebi-a-GCST90016937,-0.0590287853817907,0.053285136629681,0.267952164128486,28,FALSE,FALSE
order Erysipelotrichales id.2148,ebi-a-GCST90017099,-0.0590287853817907,0.053285136629681,0.267952164128486,28,FALSE,FALSE
genus Prevotella7 id.11182,ebi-a-GCST90017044,-0.137028304529624,0.126126467078057,0.277286246264079,24,FALSE,FALSE
genus Parabacteroides id.954,ebi-a-GCST90017039,0.0684194869505272,0.0634478464556073,0.280874063841687,28,FALSE,FALSE
genus Victivallis id.2256,ebi-a-GCST90017089,0.174548892142015,0.16707965067012,0.29615948351274,18,FALSE,FALSE
genus Haemophilus id.3698,ebi-a-GCST90017013,-0.0809264440010776,0.0781242755649652,0.300263686963097,27,FALSE,FALSE
family Bacteroidaceae id.917,ebi-a-GCST90016927,0.0550563978129257,0.0531860486277535,0.300591318644906,28,FALSE,FALSE
genus Bacteroides id.918,ebi-a-GCST90016968,0.0550563978129257,0.0531860486277535,0.300591318644906,28,FALSE,FALSE
class Melainabacteria id.1589,ebi-a-GCST90016919,-0.0969442759180987,0.0962277238683948,0.313720293519533,25,FALSE,FALSE
genus Eubacterium xylanophilum group id.14375,ebi-a-GCST90017006,-0.061929025881428,0.0623066361728321,0.320252329674368,28,FALSE,FALSE
genus Rikenellaceae RC9 gut group id.11191,ebi-a-GCST90017046,0.143264831866659,0.146141932652599,0.326931655000517,24,FALSE,FALSE
phylum Euryarchaeota id.55,ebi-a-GCST90017113,0.12702142892477,0.130827297286467,0.331593487356442,24,FALSE,FALSE
genus Eggerthella id.819,ebi-a-GCST90016990,0.0990034530391852,0.102243647801722,0.332890028919925,25,FALSE,FALSE
genus Intestinibacter id.11345,ebi-a-GCST90017018,-0.0634930237300128,0.0660746917181613,0.336588353074684,28,FALSE,FALSE
genus Butyricimonas id.945,ebi-a-GCST90016974,-0.0652394199890264,0.0695847284257328,0.348473811837046,27,FALSE,FALSE
genus Olsenella id.822,ebi-a-GCST90017035,0.117165653284385,0.125451849770124,0.350330103957128,24,FALSE,FALSE
class Mollicutes id.3920,ebi-a-GCST90016921,-0.0586817464474676,0.0673545896953653,0.383625281737544,28,FALSE,FALSE
phylum Tenericutes id.3919,ebi-a-GCST90017117,-0.0586817464474676,0.0673545896953653,0.383625281737544,28,FALSE,FALSE
genus Eubacterium coprostanoligenes group id.11375,ebi-a-GCST90016997,0.0468381970925996,0.054532396884067,0.390392437422425,28,FALSE,FALSE
unknown genus id.2071,ebi-a-GCST90017084,0.0710195744652286,0.0828208618548279,0.3911640429952,27,FALSE,FALSE
genus Ruminococcaceae UCG004 id.11362,ebi-a-GCST90017055,0.0667325447909168,0.077903838824401,0.391665159305235,27,FALSE,FALSE
genus Veillonella id.2198,ebi-a-GCST90017088,0.0669544020380801,0.0783175323057747,0.392601253390238,27,FALSE,FALSE
genus Coprococcus3 id.11303,ebi-a-GCST90016985,0.0486196658304947,0.0571337085202641,0.394780243532945,28,FALSE,FALSE
genus Eubacterium nodatum group id.11297,ebi-a-GCST90017001,-0.12447030130954,0.14641707118432,0.39526512871038,24,FALSE,FALSE
genus Howardella id.2000,ebi-a-GCST90017016,0.100425279866637,0.120792909584176,0.405756793167512,24,FALSE,FALSE
genus Coprococcus2 id.11302,ebi-a-GCST90016984,-0.0557200660976263,0.0671491790508075,0.406654588211297,28,FALSE,FALSE
genus Lachnospiraceae UCG010 id.11330,ebi-a-GCST90017028,0.054428432037631,0.0659975441820959,0.40953971734153,27,FALSE,FALSE
genus Erysipelotrichaceae UCG003 id.11384,ebi-a-GCST90016994,-0.383576108376701,0.468836754458437,0.413274807863352,2,FALSE,FALSE
unknown genus id.2001,ebi-a-GCST90017082,0.0587283097837976,0.0722714663929891,0.416443335218449,27,FALSE,FALSE
genus Ruminiclostridium6 id.11356,ebi-a-GCST90017050,0.0499872285590703,0.0624037842629393,0.423114971903371,28,FALSE,FALSE
genus Tyzzerella3 id.11335,ebi-a-GCST90017075,0.0923302798730914,0.115281291248849,0.42318203843421,25,FALSE,FALSE
class Alphaproteobacteria id.2379,ebi-a-GCST90016909,-0.0611030147016344,0.0764122259090465,0.423913774577706,27,FALSE,FALSE
genus Intestinimonas id.2062,ebi-a-GCST90017019,-0.0517501817497187,0.0653761541190379,0.428608059929564,28,FALSE,FALSE
genus Ruminococcaceae UCG011 id.11368,ebi-a-GCST90017059,0.0965977909465761,0.123210352389316,0.433035944811147,24,FALSE,FALSE
class Methanobacteria id.119,ebi-a-GCST90016920,0.101223093235603,0.129959347032475,0.436048787925882,24,FALSE,FALSE
order Methanobacteriales id.120,ebi-a-GCST90017102,0.101223093235603,0.129959347032475,0.436048787925882,24,FALSE,FALSE
family Methanobacteriaceae id.121,ebi-a-GCST90016942,0.101021468761891,0.129946866377359,0.43691929562354,24,FALSE,FALSE
genus Butyricicoccus id.2055,ebi-a-GCST90016973,-0.0473214933558933,0.0608793033523217,0.436981689829086,28,FALSE,FALSE
family Peptostreptococcaceae id.2042,ebi-a-GCST90016946,-0.0439497936695476,0.0567880103894754,0.438973762338756,28,FALSE,FALSE
class Negativicutes id.2164,ebi-a-GCST90016922,0.0400523122908245,0.0533641329129327,0.452925074994945,28,FALSE,FALSE
order Selenomonadales id.2165,ebi-a-GCST90017107,0.0400523122908245,0.0533641329129327,0.452925074994945,28,FALSE,FALSE
genus Eubacterium ventriosum group id.11341,ebi-a-GCST90017005,-0.0436587818410007,0.0581863626192512,0.453057961607624,28,FALSE,FALSE
genus Family XIII UCG001 id.11294,ebi-a-GCST90017009,-0.0474482731209467,0.0635632436856599,0.455381470597272,28,FALSE,FALSE
genus Clostridium innocuum group id.14397,ebi-a-GCST90016979,-0.100165882746078,0.134558419414663,0.456631843144056,24,FALSE,FALSE
genus Marvinbryantia id.2005,ebi-a-GCST90017032,-0.0489067194307202,0.0657937862770295,0.457279849653057,28,FALSE,FALSE
class Bacilli id.1673,ebi-a-GCST90016910,0.042786151947042,0.0578479024231464,0.459523401270815,28,FALSE,FALSE
genus Clostridium sensustricto1 id.1873,ebi-a-GCST90016980,-0.0442871167383674,0.0604828478470197,0.46403060723726,28,FALSE,FALSE
genus Lachnospira id.2004,ebi-a-GCST90017029,0.261665280328091,0.35905098592814,0.466142888059724,2,FALSE,FALSE
genus Lachnospiraceae UCG001 id.11321,ebi-a-GCST90017025,-0.0520636520116244,0.071579111765613,0.46700656988426,27,FALSE,FALSE
genus Fusicatenibacter id.11305,ebi-a-GCST90017011,0.0469495997754716,0.0657514565241407,0.475198404002209,28,FALSE,FALSE
genus Lachnospiraceae NK4A136 group id.11319,ebi-a-GCST90017024,-0.0424486499914697,0.0594630670840158,0.475310166551051,28,FALSE,FALSE
genus Coprobacter id.949,ebi-a-GCST90016982,-0.0631392330458461,0.0904646330253316,0.485212318338089,27,FALSE,FALSE
genus Family XIII AD3011 group id.11293,ebi-a-GCST90017008,-0.0418843917494737,0.0604658473038704,0.488500960417621,28,FALSE,FALSE
family Rikenellaceae id.967,ebi-a-GCST90016950,0.0464053017800828,0.069429518205221,0.503891055025125,28,FALSE,FALSE
genus Barnesiella id.944,ebi-a-GCST90016969,0.0401765960482962,0.0602465726854717,0.504855555472056,28,FALSE,FALSE
family Family XI id.1936,ebi-a-GCST90016938,-0.113702709861896,0.170767917100206,0.505518615593337,18,FALSE,FALSE
order Lactobacillales id.1800,ebi-a-GCST90017101,0.0366045017613709,0.0551426177041228,0.506808666085467,28,FALSE,FALSE
phylum Cyanobacteria id.1500,ebi-a-GCST90017112,-0.0576337587355822,0.0871593081453852,0.508454456304818,26,FALSE,FALSE
family Clostridiaceae1 id.1869,ebi-a-GCST90016931,-0.0395638718513232,0.0602063160489677,0.511092040274935,28,FALSE,FALSE
genus Ruminococcaceae UCG013 id.11370,ebi-a-GCST90017060,-0.0351247053623726,0.0554569041036677,0.526492451213557,28,FALSE,FALSE
genus Phascolarctobacterium id.2168,ebi-a-GCST90017043,-0.0430838620772986,0.0683856549188284,0.528685978688571,28,FALSE,FALSE
genus Adlercreutzia id.812,ebi-a-GCST90016960,0.0584526988157869,0.0928969731645854,0.529204576472238,27,FALSE,FALSE
genus Lachnospiraceae ND3007 group id.11317,ebi-a-GCST90017023,-0.03638427050335,0.0580875243072624,0.531072418733055,28,FALSE,FALSE
class Clostridia id.1859,ebi-a-GCST90016913,-0.0378885205463592,0.0635526686245486,0.551058237351261,28,FALSE,FALSE
genus Methanobrevibacter id.123,ebi-a-GCST90017033,0.0763219980371259,0.128303592620251,0.551940584661009,24,FALSE,FALSE
genus Ruminococcus gauvreauii group id.11342,ebi-a-GCST90017064,-0.0364899405424516,0.0622840812258935,0.557967563131727,28,FALSE,FALSE
genus Escherichia Shigella id.3504,ebi-a-GCST90016995,0.0382662585096874,0.0657136319155905,0.56035221839594,27,FALSE,FALSE
genus Christensenellaceae R 7group id.11283,ebi-a-GCST90016978,-0.0326039963780711,0.0562265254796738,0.562003234877821,28,FALSE,FALSE
genus Ruminiclostridium9 id.11357,ebi-a-GCST90017051,0.034701355386501,0.0601535949597938,0.564021088945715,28,FALSE,FALSE
genus Anaerofilum id.2053,ebi-a-GCST90016965,0.0594076365787061,0.103066993214315,0.564346013520928,25,FALSE,FALSE
genus Catenibacterium id.2153,ebi-a-GCST90016977,0.0827462748161626,0.143711933843737,0.564764751830543,22,FALSE,FALSE
order Clostridiales id.1863,ebi-a-GCST90017095,-0.0363789799782687,0.0634076101721087,0.566149117292484,28,FALSE,FALSE
genus Lactococcus id.1851,ebi-a-GCST90017031,-0.0648477135975737,0.118002530251306,0.582631415301803,24,FALSE,FALSE
genus Eubacterium rectale group id.14374,ebi-a-GCST90017003,-0.0299137407619338,0.0545900870190316,0.583712366670114,28,FALSE,FALSE
genus Candidatus Soleaferrea id.11350,ebi-a-GCST90016976,-0.0596800424144208,0.108964376361187,0.583896314553905,26,FALSE,FALSE
phylum Actinobacteria id.400,ebi-a-GCST90017110,0.0301732910223267,0.0558374070804909,0.58893656606691,28,FALSE,FALSE
genus Lachnospiraceae FCS020 group id.11314,ebi-a-GCST90017021,-0.0394633693198038,0.0748361095992516,0.597964039730302,28,FALSE,FALSE
genus Gordonibacter id.821,ebi-a-GCST90017012,-0.080232259700259,0.154372330187415,0.603250290743505,24,FALSE,FALSE
genus Eubacterium brachy group id.11296,ebi-a-GCST90016996,0.0612115174656392,0.11834473245711,0.604995190581745,24,FALSE,FALSE
genus Ruminococcaceae UCG005 id.11363,ebi-a-GCST90017056,-0.0283247482977048,0.0565928905370476,0.616722974247603,28,FALSE,FALSE
genus Collinsella id.815,ebi-a-GCST90016981,0.0325107686368486,0.0652490991531096,0.61830347055955,28,FALSE,FALSE
genus Bifidobacterium id.436,ebi-a-GCST90016970,0.0342123191610877,0.0687646320519824,0.618816872437518,28,FALSE,FALSE
genus Butyrivibrio id.1993,ebi-a-GCST90016975,-0.0642421395140943,0.129868284501038,0.620832020100794,24,FALSE,FALSE
genus Ruminococcaceae UCG003 id.11361,ebi-a-GCST90017054,0.0298261120450015,0.0609388612738813,0.624527948978315,28,FALSE,FALSE
class Bacteroidia id.912,ebi-a-GCST90016911,0.0280395255388198,0.0573639408406551,0.624982912228884,28,FALSE,FALSE
order Bacteroidales id.913,ebi-a-GCST90017092,0.0280395255388198,0.0573639408406551,0.624982912228884,28,FALSE,FALSE
genus Paraprevotella id.962,ebi-a-GCST90017040,0.0414946314500358,0.085998876649062,0.629449365859162,26,FALSE,FALSE
genus Dialister id.2183,ebi-a-GCST90016988,0.0323438224325271,0.0672829966644409,0.630720371509844,27,FALSE,FALSE
family Lactobacillaceae id.1836,ebi-a-GCST90016941,0.0483005482498874,0.101935629101597,0.635618417324068,27,FALSE,FALSE
genus Romboutsia id.11347,ebi-a-GCST90017047,-0.0283517634968289,0.0603968866111888,0.638766414650213,28,FALSE,FALSE
genus Slackia id.825,ebi-a-GCST90017069,-0.0453037196408831,0.0980007077035255,0.643880887746917,27,FALSE,FALSE
genus Erysipelatoclostridium id.11381,ebi-a-GCST90016993,-0.0386256720052831,0.0850429059201202,0.649691787404615,27,FALSE,FALSE
genus Coprococcus1 id.11301,ebi-a-GCST90016983,-0.0250204037253959,0.0555801871138649,0.652589540912269,28,FALSE,FALSE
family Bifidobacteriaceae id.433,ebi-a-GCST90016929,0.0319602755699934,0.0716027139796991,0.65534036725344,28,FALSE,FALSE
order Bifidobacteriales id.432,ebi-a-GCST90017093,0.0319602755699934,0.0716027139796991,0.65534036725344,28,FALSE,FALSE
genus Lactobacillus id.1837,ebi-a-GCST90017030,0.0462530971161231,0.103805213749336,0.655903653141561,27,FALSE,FALSE
genus Hungatella id.11306,ebi-a-GCST90017017,-0.0595509633656682,0.136709259709735,0.663124795341075,24,FALSE,FALSE
phylum Bacteroidetes id.905,ebi-a-GCST90017111,0.0241713695811931,0.0570585347931123,0.671839987560595,28,FALSE,FALSE
family Christensenellaceae id.1866,ebi-a-GCST90016930,-0.0549121839847544,0.132962845963561,0.679614721525589,7,FALSE,FALSE
class Gammaproteobacteria id.3303,ebi-a-GCST90016917,0.0233558850011468,0.0567950448134986,0.680903134279814,28,FALSE,FALSE
order Actinomycetales id.420,ebi-a-GCST90017090,0.0353571888430143,0.0876391921258606,0.686624287193179,27,FALSE,FALSE
genus Defluviitaleaceae UCG011 id.11287,ebi-a-GCST90016986,0.0317958359064915,0.0795572293306379,0.6894070164605,27,FALSE,FALSE
family Actinomycetaceae id.421,ebi-a-GCST90016925,0.0339518255346563,0.0878017491345986,0.69898768366236,27,FALSE,FALSE
family Defluviitaleaceae id.1924,ebi-a-GCST90016934,0.0306867765965146,0.0794630354215706,0.699365773095919,27,FALSE,FALSE
genus Dorea id.1997,ebi-a-GCST90016989,-0.0204659648631577,0.0541872675803597,0.705661229569729,28,FALSE,FALSE
family Streptococcaceae id.1850,ebi-a-GCST90016952,-0.0206707735117025,0.0557903398225689,0.71100393297423,28,FALSE,FALSE
genus Eubacterium ruminantium group id.11340,ebi-a-GCST90017004,0.0291350731934806,0.0823609390419122,0.723527239556219,27,FALSE,FALSE
class Coriobacteriia id.809,ebi-a-GCST90016914,0.0196059079732118,0.0557536074654797,0.725098718955635,28,FALSE,FALSE
family Coriobacteriaceae id.811,ebi-a-GCST90016933,0.0196059079732118,0.0557536074654797,0.725098718955635,28,FALSE,FALSE
order Coriobacteriales id.810,ebi-a-GCST90017096,0.0196059079732118,0.0557536074654797,0.725098718955635,28,FALSE,FALSE
family Ruminococcaceae id.2050,ebi-a-GCST90016951,-0.0205939927855794,0.058827107667622,0.726281225051043,28,FALSE,FALSE
genus Flavonifractor id.2059,ebi-a-GCST90017010,0.0245913271597385,0.0725048903912401,0.734483293847017,27,FALSE,FALSE
family Bacteroidales S24 7group id.11173,ebi-a-GCST90016928,0.0315101987709005,0.0932004950431116,0.735295015231499,27,FALSE,FALSE
unknown genus id.1000005479,ebi-a-GCST90017079,0.0315101987709005,0.0932004950431116,0.735295015231499,27,FALSE,FALSE
genus Eubacterium eligens group id.14372,ebi-a-GCST90016998,-0.0195648659729411,0.0592474197495075,0.741231401872807,28,FALSE,FALSE
genus Enterorhabdus id.820,ebi-a-GCST90016992,-0.0274682650334797,0.0844441175440834,0.744966634717331,27,FALSE,FALSE
class Betaproteobacteria id.2867,ebi-a-GCST90016912,0.0181806213688579,0.056320843037412,0.746843307591797,28,FALSE,FALSE
family Acidaminococcaceae id.2166,ebi-a-GCST90016924,0.0197755714847918,0.0643999640331269,0.758786847168389,28,FALSE,FALSE
class Actinobacteria id.419,ebi-a-GCST90016908,0.019614396932609,0.0641942174024088,0.759949029145558,28,FALSE,FALSE
order Burkholderiales id.2874,ebi-a-GCST90017094,0.0172355014081654,0.0572362905264203,0.763316201503385,28,FALSE,FALSE
genus Ruminococcus torques group id.14377,ebi-a-GCST90017066,0.017827430594554,0.0598667291008343,0.765867051211526,28,FALSE,FALSE
genus Ruminococcaceae UCG002 id.11360,ebi-a-GCST90017053,0.0164455002141566,0.0559267284546822,0.768716339694235,28,FALSE,FALSE
genus Anaerostipes id.1991,ebi-a-GCST90016966,0.0180170268575228,0.0671824044756732,0.788560200445024,28,FALSE,FALSE
genus Senegalimassilia id.11160,ebi-a-GCST90017068,-0.0253566915080057,0.0946191398865864,0.788709389896587,27,FALSE,FALSE
genus Actinomyces id.423,ebi-a-GCST90016959,0.0242694591016593,0.091465394822133,0.790747289837457,27,FALSE,FALSE
genus Eisenbergiella id.11304,ebi-a-GCST90016991,0.0291536272430632,0.113983866378811,0.798128617986315,26,FALSE,FALSE
phylum Proteobacteria id.2375,ebi-a-GCST90017116,-0.012440161967816,0.0532616734441748,0.815321255954474,28,FALSE,FALSE
unknown family id.1000005471,ebi-a-GCST90016954,-0.0147734806251873,0.0718638026869146,0.837122044525826,28,FALSE,FALSE
unknown genus id.1000005472,ebi-a-GCST90017078,-0.0147734806251873,0.0718638026869146,0.837122044525826,28,FALSE,FALSE
order Mollicutes RF9 id.11579,ebi-a-GCST90017103,-0.0147734806251873,0.0718638026869146,0.837122044525826,28,FALSE,FALSE
genus Roseburia id.2012,ebi-a-GCST90017048,-0.0124739301520344,0.0616934501038707,0.839766524556213,28,FALSE,FALSE
genus Bilophila id.3170,ebi-a-GCST90016971,0.0119605584700731,0.0724187884598936,0.868819446230953,27,FALSE,FALSE
genus Anaerotruncus id.2054,ebi-a-GCST90016967,-0.0106077397914125,0.0646085921245558,0.869585776044011,28,FALSE,FALSE
family Porphyromonadaceae id.943,ebi-a-GCST90016947,0.00856918644492412,0.0549670420782566,0.876114360824485,28,FALSE,FALSE
family Prevotellaceae id.960,ebi-a-GCST90016948,0.00865519772961607,0.0590585159040559,0.883484919752456,28,FALSE,FALSE
phylum Firmicutes id.1672,ebi-a-GCST90017114,-0.00919666901844094,0.064026182093852,0.885785391359158,28,FALSE,FALSE
genus Akkermansia id.4037,ebi-a-GCST90016961,0.00976645302485542,0.0689420531490822,0.887347176331268,28,FALSE,FALSE
genus Oscillospira id.2064,ebi-a-GCST90017037,-0.00947195527607551,0.0715698381394822,0.894710917706069,27,FALSE,FALSE
class Verrucomicrobiae id.4029,ebi-a-GCST90016923,0.0089016154704428,0.0686976505480333,0.896901331433577,28,FALSE,FALSE
order Verrucomicrobiales id.4030,ebi-a-GCST90017108,0.0089016154704428,0.0686976505480333,0.896901331433577,28,FALSE,FALSE
family Verrucomicrobiaceae id.4036,ebi-a-GCST90016957,0.0086785373915042,0.0687153720385183,0.899496922485803,28,FALSE,FALSE
genus Blautia id.1992,ebi-a-GCST90016972,-0.0403246608725957,0.342529104808785,0.906284581149652,2,FALSE,FALSE
phylum Lentisphaerae id.2238,ebi-a-GCST90017115,0.0129797791779456,0.126103264171148,0.9180187151672,24,FALSE,FALSE
genus Odoribacter id.952,ebi-a-GCST90017034,0.0056067681721618,0.0594234249492548,0.924828886655495,28,FALSE,FALSE
family Lachnospiraceae id.1987,ebi-a-GCST90016940,-0.00571179963655683,0.0650337915528406,0.930013238853985,28,FALSE,FALSE
family Enterobacteriaceae id.3469,ebi-a-GCST90016936,0.00537591125507706,0.061571583136609,0.930423861950545,28,FALSE,FALSE
order Enterobacteriales id.3468,ebi-a-GCST90017098,0.00537591125507706,0.061571583136609,0.930423861950545,28,FALSE,FALSE
unknown genus id.826,ebi-a-GCST90017086,-0.00494549376062331,0.0622148380724633,0.936642421448921,28,FALSE,FALSE
phylum Verrucomicrobia id.3982,ebi-a-GCST90017118,0.00491180586390766,0.0740274301170469,0.94709825309736,28,FALSE,FALSE
genus Holdemanella id.11393,ebi-a-GCST90017014,-0.00468145209818349,0.0862119610517619,0.956694831627263,27,FALSE,FALSE
family Veillonellaceae id.2172,ebi-a-GCST90016956,0.00298044612636357,0.0569150828348328,0.958236632429761,28,FALSE,FALSE
genus Prevotella9 id.11183,ebi-a-GCST90017045,-0.0033897726025814,0.0751395779307304,0.96401723073685,27,FALSE,FALSE
genus Streptococcus id.1853,ebi-a-GCST90017070,-0.00197816619748112,0.0561902734720465,0.971916450965534,28,FALSE,FALSE
genus Lachnospiraceae UCG004 id.11324,ebi-a-GCST90017026,0.00106682457851535,0.0601587058374508,0.98585145347515,27,FALSE,FALSE
family Alcaligenaceae id.2875,ebi-a-GCST90016926,0.000943233339348673,0.056067168187902,0.986577602463652,28,FALSE,FALSE
class Lentisphaeria id.2250,ebi-a-GCST90016918,0.00131038104502273,0.126711269761428,0.991748846247637,24,FALSE,FALSE
order Victivallales id.2254,ebi-a-GCST90017109,0.00131038104502273,0.126711269761428,0.991748846247637,24,FALSE,FALSE
