SNP,chromosome,position_GRCh38,n_other_GWsig_associations,AD_risk_factor_associated,AD_risk_factor_traits,other_traits_examples
rs10770882,12,22087678,1,no,,ENSG00000111728
rs10884273,10,106220886,0,no,,
rs11076352,16,59954594,0,no,,
rs111341598,16,28269597,22,yes,Type 1 diabetes,ENSG00000178952 | Mean platelet volume | Platelet count | Mean platelet thrombocyte volume (UKB data field 30100) | ENSG00000188322 | Platelet count (UKB data field 30080)
rs11164935,1,91549832,1,no,,ENSG00000097046
rs11204444,20,61723592,1,no,,ENSG00000179253
rs11217709,11,120159080,0,no,,
rs112811856,9,129590606,0,no,,
rs113931022,15,78608771,93,yes,"Cigarettes smoked per day | Cigarettes per Day | Number of cigarettes previously smoked daily | Pack years adult smoking as proportion of life span exposed to smoking | Pack years adult smoking as proportion of life span exposed to smoking PREVIEW ONLY | Lung cancer in ever smokers | Pack years of smoking | Pack years of smoking PREVIEW ONLY | Number of cigarettes currently smoked daily (current cigarette smokers) | Light smokers, at least 100 smokes in lifetime | Difficulty not smoking for 1 day | Light smokers  at least 100 smokes in lifetime | Cotinine and 3'-hydroxycotinine levels in current smokers | Cotinine levels in current smokers | Time from waking to first cigarette | Cigarettes per day | Smoking behaviour (cigarettes smoked per day) | Ever stopped smoking for 6+ months | lung carcinoma; Lung cancer in ever smokers",ENSG00000136381 | Lung cancer | ENSG00000041357 | Lung adenocarcinoma | Squamous cell lung carcinoma | Chronic obstructive pulmonary disease
rs114142825,20,6884419,0,no,,
rs117899363,14,22027148,0,no,,
rs11824942,11,130633024,0,no,,
rs12470592,2,79582156,0,no,,
rs12704009,7,148327402,1,no,,ENSG00000199370
rs13115194,4,59264991,0,no,,
rs13268455,8,133812903,0,no,,
rs1363972,5,53503788,2,no,,ENSG00000164258 | Qualifications: College or University degree
rs137855548,10,38287135,0,no,,
rs1385816,3,59922400,0,no,,
rs138590699,1,148320690,1,no,,CD64 on CD14+ CD16- monocyte
rs1388933,6,50294100,0,no,,
rs139829002,11,101269243,0,no,,
rs141952479,14,19825587,0,no,,
rs147494818,6,34193566,45,no,,Height | Standing height | Appendicular lean mass | Trunk fat-free mass | Trunk predicted mass | Whole body fat-free mass
rs148022334,10,107150647,0,no,,
rs1821007,8,8867719,210,yes,"Systolic blood pressure, automated and manual reading, medication adjusted (add class-specific constant) | triglycerides | Systolic blood pressure, automated and manual reading, medication adjusted (add constant +10mmHg) | Systolic blood pressure, automated and manual reading, medication adjusted (censored normal regression) | systolic blood pressure | Triglyceride levels (UKB data field 30870) | Body mass index (BMI) | Glycated haemoglobin HbA1c levels (UKB data field 30750) | Triglycerides | Systolic blood pressure, automated and manual reading, medication adjusted (restrict to untreated) | Body mass index (UKB data field 21001) | Systolic blood pressure automated reading (UKB data field 4080) | Systolic Blood Pressure (SBP) | High blood pressure (UKB data field 6150) (Firth correction) | High blood pressure (UKB data field 6150) (SPA correction) | Systolic blood pressure, automated and manual reading, medication unadjusted | Vascular/heart problems diagnosed by doctor: High blood pressure | Systolic blood pressure | Antihypertensive use | C-reactive protein levels | Non-cancer illness code, self-reported: hypertension | Phospholipids to total lipids ratio in small LDL | Cholesteryl esters to total lipids ratio in small LDL | Diastolic blood pressure automated reading (UKB data field 4079) | Adult BMI sex-combined | Diastolic Blood Pressure (DBP) | Diastolic blood pressure, automated reading | Body mass index | Systolic blood pressure, automated reading | Diastolic blood pressure | Free cholesterol to total lipids ratio in large HDL | Average diameter for VLDL particles | diastolic blood pressure | Phospholipid levels in small HDL | Total lipid levels in small HDL | Diastolic blood pressure  automated reading | Phospholipids in small HDL | Free cholesterol levels in very large HDL | Total lipids in small HDL | Hypertension | Free cholesterol in very large HDL | Cholesteryl esters to total lipids ratio in medium VLDL | Cholesterol to total lipids ratio in medium VLDL | Non-cancer illness code  self-reported: hypertension | Triglycerides to total lipids ratio in medium VLDL | Systolic blood pressure  automated reading | Cholesterol to total lipids ratio in small VLDL | Cholesteryl esters to total lipids ratio in medium LDL | Free cholesterol levels in chylomicrons and extremely large VLDL | Triglycerides to total lipids ratio in small VLDL | Free cholesterol in chylomicrons and extremely large VLDL | Cholesteryl esters to total lipids ratio in small VLDL | Triglyceride levels in medium VLDL | Concentration of small HDL particles | Free cholesterol to total lipids ratio in medium VLDL | Systolic blood pressure, automated and manual reading, restrict to 50-59 years | Triglycerides in small VLDL | Triglyceride levels in large VLDL | Triglyceride levels in VLDL | Cholesterol levels in chylomicrons and extremely large VLDL | Triglycerides in medium HDL",ENSG00000233609 | ENSG00000248538 | Bone mineral density | Platelet distribution width | Heel bone mineral density | Alkaline phosphatase levels (UKB data field 30610)
rs182677822,15,56904653,13,no,,"Mean corpuscular volume (UKB data field 30040) | Mean corpuscular volume | Mean corpuscular hemoglobin | Mean corpuscular haemoglobin | erythrocyte volume; mean corpuscular volume (MCV, mean, inv-norm transformed) | erythrocyte volume; mean corpuscular volume (MCV, maximum, inv-norm transformed)"
rs186057120,7,29125749,1,no,,ENSG00000106066
rs186830512,8,7127298,0,no,,
rs2154266,10,54536175,0,no,,
rs2285120,22,44840807,0,no,,
rs2356338,19,43670819,1,no,,ENSG00000104783
rs2682865,2,186725213,2,no,,ENSG00000138448 | ENSG00000065548
rs28504380,4,82561838,32,no,,Eosinophil counts | White blood cell count | Monocyte count | Lymphocyte count | White blood cell leukocyte count (UKB data field 30000) | Eosinophill count (UKB data field 30150)
rs3130277,6,32142806,423,yes,"Glycated haemoglobin HbA1c levels (UKB data field 30750) | Type 1 diabetes | Diabetes or endocrine disease | Treatment/medication code: insulin product | Started insulin within one year diagnosis of diabetes | diastolic blood pressure | Age diabetes diagnosed | HDL cholesterol | Medication for cholesterol, blood pressure, diabetes, or take exogenous hormones: Insulin | Glucose | Cholesterol levels (UKB data field 30690) | Medication for cholesterol  blood pressure or diabetes: Insulin | Glucose levels | Total cholesterol levels | Body mass index | Medication for cholesterol, blood pressure or diabetes: Insulin | Body mass index (BMI) | apolipoprotein A-I | Cholesterol | Body mass index (UKB data field 21001) | High density lipoprotein cholesterol levels (UKB data field 30760) | Glucose levels (UKB data field 30740) | Medication use (drugs used in diabetes) | Hearing difficulty/problems with background noise | Adult BMI sex-combined | Type 2 diabetes | Triglyceride levels (UKB data field 30870) | BMI-adjusted waist-hip ratio; Waist-to-hip ratio adjusted for BMI","Non-cancer illness code, self-reported: malabsorption/coeliac disease | Non-cancer illness code  self-reported: malabsorption/coeliac disease | ENSG00000179344 | ENSG00000196735 | ENSG00000224389 | Coeliac disease"
rs3807263,7,154720675,0,no,,
rs3826142,16,84186056,6,no,,ENSG00000140943 | ENSG00000103168 | ENSG00000103160 | ENSG00000103154 | ENSG00000154099 | ENSG00000260018
rs4921213,5,159306611,19,no,,"ENSG00000164332 | Psoriasis | Non-cancer illness code, self-reported: psoriasis | Non-cancer illness code  self-reported: psoriasis | Mean platelet volume | Psoriatic arthritis"
rs57655227,2,33478721,1,no,,ENSG00000152689
rs62542026,9,36739644,0,no,,
rs6674203,1,163890586,2,no,,Neutrophil count | White blood cell count
rs7198936,16,71996175,34,yes,"Low density lipoprotein cholesterol levels | Body mass index (UKB data field 21001) | Body mass index | Apolipoprotein B levels (UKB data field 30640) | Cholesterol lowering medication use (UKB data field 6177_1) (SPA correction) | Cholesterol lowering medication use (UKB data field 6177_1) (Firth correction) | Apolipoprotein B levels | Total cholesterol levels | Body mass index (BMI) | Waist circumference (UKB data field 48) | Cholesterol levels (UKB data field 30690) | Medication for cholesterol, blood pressure or diabetes: Cholesterol lowering medication | Direct low density lipoprotein cholesterol levels",ENSG00000257017 | ENSG00000140829 | Haptoglobin measurement | Glycoprotein acetyls | Glycoprotein acetyls levels | Arm fat percentage (right)
rs72785664,16,10856769,0,no,,
rs73502335,11,64332929,110,yes,"triglycerides | Triglyceride levels (UKB data field 30870) | HDL cholesterol | Waist-hip ratio | High density lipoprotein cholesterol levels (UKB data field 30760) | Triglycerides | apolipoprotein A-I | Triglycerides to total lipids ratio in very small VLDL | Apolipoprotein A levels (UKB data field 30630) | Cholesteryl esters to total lipids ratio in very small VLDL | Cholesterol to total lipids ratio in very small VLDL | Cholesteryl esters to total lipids ratio in medium VLDL | Cholesterol to total lipids ratio in large HDL | Cholesteryl esters to total lipids ratio in large HDL | Free cholesterol to total lipids ratio in small VLDL | Free cholesterol to total lipids ratio in large LDL | Phospholipids to total lipids ratio in small VLDL | Cholesterol to total lipids ratio in medium VLDL | Triglycerides to total lipids ratio in very large HDL | Triglycerides to total lipids ratio in medium VLDL | Low density lipoprotein cholesterol levels | Triglycerides to total lipids ratio in large HDL | Triglycerides to total lipids ratio in IDL | Glycated haemoglobin HbA1c levels (UKB data field 30750) | Triglycerides to total lipids ratio in small HDL | Triglycerides to total lipids ratio in small VLDL | Cardiovascular disease | Cholesteryl esters in very large HDL | Triglycerides to total lipids ratio in small LDL | Ratio of triglycerides to phosphoglycerides | Cholesteryl esters in large HDL | Free cholesterol to total lipids ratio in medium VLDL | Cholesteryl ester levels in very large HDL | Cholesteryl ester levels in large HDL | Cholesterol in large HDL | Cholesterol in very large HDL | Cholesterol levels in large HDL | Cholesterol levels in very large HDL | Free cholesterol to total lipids ratio in medium LDL | Triglyceride levels in small HDL | Medication for cholesterol  blood pressure  diabetes  or take exogenous hormones: Cholesterol lowering medication | Cholesterol to total lipids ratio in small VLDL | Cholesterol to total lipids ratio in medium HDL | Triglycerides to total lipids ratio in large LDL | Triglycerides to total lipids ratio in medium HDL | systolic blood pressure | Medication for cholesterol, blood pressure, diabetes, or take exogenous hormones: Cholesterol lowering medication | diastolic blood pressure | Total lipids in very large HDL | Triglycerides in small HDL | Free cholesterol in large HDL | Phospholipids in very large HDL | BMI-adjusted waist-hip ratio; Waist-to-hip ratio adjusted for BMI | BMI-adjusted waist circumference; A body shape index | BMI-adjusted waist-hip ratio; Waist-hip index | BMI-adjusted hip circumference; Hip index | BMI-adjusted hip circumference; Hip circumference adjusted for BMI | BMI-adjusted waist circumference; Waist circumference adjusted for body mass index",IDP dMRI TBSS MD Superior longitudinal fasciculus L | ENSG00000168071 | ENSG00000236935 | ENSG00000231680 | Serum uric acid levels | Uric acid
rs75997923,3,86257822,0,no,,
rs76560544,6,80545480,2,no,,ENSG00000083123 | Sitting height
rs76681247,2,217993678,0,no,,
rs80265696,4,16208971,0,no,,
rs8141413,22,44941513,2,no,,erectile dysfunction; Erectile dysfunction [ED] (PheCode 605)
rs917326,7,18248796,13,yes,Glycated haemoglobin HbA1c levels (UKB data field 30750),Plateletcrit | Platelet count | Platelet crit | Platelet count (UKB data field 30080) | Platelet distribution width
