SNP,beta_FinnGen,beta_GLIDE_aligned,P_GLIDE,same_direction
rs10770882,-0.0432,-0.0351,0.086,yes
rs10884273,0.0382,-0.0130,0.48,no
rs11076352,-0.0434,-0.0262,0.17,yes
rs11164935,0.0761,-0.0554,0.17,no
rs11204444,0.0758,-0.0090,0.81,no
rs11217709,-0.1407,0.0637,0.35,no
rs112811856,0.1046,-0.0547,0.35,no
rs113931022,0.0430,0.0251,0.18,yes
rs11824942,-0.0799,0.0552,0.16,no
rs12470592,-0.0607,0.0520,0.12,no
rs13115194,0.0646,0.0188,0.61,yes
rs13268455,0.1638,0.0274,0.69,yes
rs1363972,0.0542,0.0171,0.42,yes
rs1385816,0.0390,-0.0052,0.81,no
rs1388933,-0.0524,-0.0366,0.27,yes
rs148022334,0.1249,-0.1053,0.19,no
rs1821007,0.0485,0.0104,0.61,yes
rs182677822,0.1125,-0.0087,0.89,no
rs2154266,-0.0505,0.0076,0.72,no
rs2285120,0.0382,0.0067,0.72,yes
rs2356338,0.0383,0.0073,0.71,yes
rs2682865,-0.0554,-0.0111,0.67,yes
rs28504380,0.0375,-0.0228,0.26,no
rs3807263,-0.0759,0.0232,0.46,no
rs3826142,0.0425,-0.0017,0.93,no
rs4921213,0.0367,0.0043,0.81,yes
rs57655227,0.0430,-0.0026,0.93,no
rs6674203,0.0754,0.0920,0.079,yes
rs7198936,0.0384,0.0064,0.73,yes
rs73502335,0.0675,0.0072,0.84,yes
rs75997923,-0.0652,-0.0211,0.71,yes
rs76560544,0.1641,-0.0290,0.67,no
rs8141413,-0.0430,-0.0298,0.11,yes
