exposure,outcome_periodontitis_GWAS,method,n_SNP,beta,SE,OR,OR_95CI,P,Cochran_Q_P,MR_Egger_intercept_P
Smoking initiation (Liu 2019),FinnGen,Inverse variance weighted,83,0.5391,0.1032,1.71,1.40-2.10,1.7e-07,0.015,0.13
Smoking initiation (Liu 2019),FinnGen,MR Egger,83,1.2527,0.4831,3.50,1.36-9.02,0.011,0.015,0.13
Smoking initiation (Liu 2019),FinnGen,Weighted median,83,0.4739,0.1379,1.61,1.23-2.10,0.00059,0.015,0.13
Smoking initiation (Liu 2019),FinnGen,MR-RAPS,83,0.5811,0.1091,1.79,1.44-2.21,1e-07,0.015,0.13
Smoking initiation (Liu 2019),GLIDE,Inverse variance weighted,71,0.2018,0.2211,1.22,0.79-1.89,0.36,0.22,0.0069
Smoking initiation (Liu 2019),GLIDE,MR Egger,71,-2.7342,1.0742,0.06,0.01-0.53,0.013,0.22,0.0069
Smoking initiation (Liu 2019),GLIDE,Weighted median,71,-0.1808,0.3138,0.83,0.45-1.54,0.56,0.22,0.0069
Smoking initiation (Liu 2019),GLIDE,MR-RAPS,71,0.1025,0.2356,1.11,0.70-1.76,0.66,0.22,0.0069
Type 2 diabetes (Xue 2018),FinnGen,Inverse variance weighted,115,0.0349,0.0151,1.04,1.01-1.07,0.02,0.00024,0.88
Type 2 diabetes (Xue 2018),FinnGen,MR Egger,115,0.0301,0.0362,1.03,0.96-1.11,0.41,0.00024,0.88
Type 2 diabetes (Xue 2018),FinnGen,Weighted median,115,0.0199,0.0203,1.02,0.98-1.06,0.33,0.00024,0.88
Type 2 diabetes (Xue 2018),FinnGen,MR-RAPS,115,0.0312,0.0152,1.03,1.00-1.06,0.04,0.00024,0.88
Type 2 diabetes (Xue 2018),GLIDE,Inverse variance weighted,110,0.0314,0.0278,1.03,0.98-1.09,0.26,0.23,0.76
Type 2 diabetes (Xue 2018),GLIDE,MR Egger,110,0.0144,0.0632,1.01,0.90-1.15,0.82,0.23,0.76
Type 2 diabetes (Xue 2018),GLIDE,Weighted median,110,0.0235,0.0512,1.02,0.93-1.13,0.65,0.23,0.76
Type 2 diabetes (Xue 2018),GLIDE,MR-RAPS,110,0.0342,0.0291,1.03,0.98-1.10,0.24,0.23,0.76
